type_of_contribution,number,business_days_to_merge,number_of_commenters,number_of_comments
AUTOMATION,148,1.0333333333333334,2.222972972972973,4.5
COLLABORATOR,54,0.5480769230769231,2.4814814814814814,5.7592592592592595
CONTRIBUTOR,26,4.375,3.3461538461538463,9.807692307692308
MEMBER,167,3.1939655172413794,2.7664670658682633,7.802395209580839
NONE,5,1.0,2.4,5.0
