type_of_contribution,number,business_days_to_merge,number_of_commenters,number_of_comments
AUTOMATION,182,1.1656626506024097,2.076923076923077,4.478021978021978
COLLABORATOR,68,1.4211538461538462,2.573529411764706,7.0588235294117645
CONTRIBUTOR,29,4.0227272727272725,3.4482758620689653,10.448275862068966
MEMBER,216,3.0201822916666665,2.865740740740741,8.226851851851851
NONE,5,1.0,2.4,5.0
